{
    "body_list": [
        {
            "name": "sun",
            "mu": 1.32712440041279419e20,
            "r_0": [
                0.0,
                0.0,
                0.0
            ],
            "v_0": [
                0.0,
                0.0,
                0.0
            ]
        },
        {
            "name": "earth",
            "mu": 3.98600435507e14,
            "r_0": [
                149600000000,
                0.0,
                0.0
            ],
            "v_0": [
                0.0,
                29780.0,
                0.0
            ]
        }
    ]
}