{
  "metadata": {
    "generated_utc": "2025-10-10T11:30:25.047867",
    "center_body": "@0",
    "target_count": 3
  },
  "body_list": [
    {
      "name": "",
      "mu": 1.0,
      "r_0": [
        -0.995492,
        0,
        0
      ],
      "v_0": [
        -0.347902,
        -0.533930,
        0
      ]
    },
    {
      "name": "",
      "mu": 1.0,
      "r_0": [
        0.995492,
        0,
        0
      ],
      "v_0": [
        -0.347902,
        -0.533930,
        0
      ]
    },
    {
      "name": "",
      "mu": 1.0,
      "r_0": [
        0,
        0,
        0
      ],
      "v_0": [
        0.695804,
        1.067860,
        0
      ]
    }
  ]
}